[
{
  "model": "core.user",
  "pk": "4ecb9b4b-51c7-40b8-aff9-e3b3e36839f2",
  "fields": {
    "last_login": null,
    "is_superuser": false,
    "first_name": "John",
    "last_name": "Doe",
    "is_staff": false,
    "is_active": true,
    "date_joined": "2021-12-16T14:23:54.211Z",
    "created_at": "2021-12-16T14:23:54.228Z",
    "updated_at": "2021-12-16T14:23:54.228Z",
    "email": "user01@gmail.com",
    "groups": [],
    "user_permissions": []
  }
},
{
  "model": "core.user",
  "pk": "6756527c-27a9-4e05-ad75-2512292d07d6",
  "fields": {
    "last_login": null,
    "is_superuser": false,
    "first_name": "Sarah",
    "last_name": "Sang",
    "is_staff": false,
    "is_active": true,
    "date_joined": "2021-12-16T14:27:09.644Z",
    "created_at": "2021-12-16T14:27:09.646Z",
    "updated_at": "2021-12-16T14:27:09.646Z",
    "email": "user03@gmail.com",
    "groups": [],
    "user_permissions": []
  }
},
{
  "model": "core.user",
  "pk": "c4387517-a239-4e21-9757-0fe3ed80519a",
  "fields": {
    "last_login": null,
    "is_superuser": false,
    "first_name": "Jessica",
    "last_name": "Jones",
    "is_staff": false,
    "is_active": true,
    "date_joined": "2021-12-16T14:24:26.452Z",
    "created_at": "2021-12-16T14:24:26.454Z",
    "updated_at": "2021-12-16T14:24:26.454Z",
    "email": "user02@gmail.com",
    "groups": [],
    "user_permissions": []
  }
},
{
  "model": "core.group",
  "pk": "06796048-b83e-4a46-b66e-be5bf8200527",
  "fields": {
    "created_at": "2021-12-16T14:48:50.847Z",
    "updated_at": "2021-12-16T14:48:50.847Z",
    "slug": "ecocacao",
    "name": "ECOCACAO",
    "description": "",
    "website": "",
    "email": ""
  }
},
{
  "model": "core.group",
  "pk": "0785707d-50ce-4e71-85b2-72d04b42c510",
  "fields": {
    "created_at": "2021-12-07T14:56:42.568Z",
    "updated_at": "2021-12-16T14:48:51.050Z",
    "slug": "amarakaeri-communal-reserve-group",
    "name": "Amarakaeri Communal Reserve Group",
    "description": "",
    "website": "",
    "email": ""
  }
},
{
  "model": "core.group",
  "pk": "0a16e134-88fe-4f8b-bc66-f828bab17458",
  "fields": {
    "created_at": "2021-12-07T14:56:42.326Z",
    "updated_at": "2021-12-16T14:48:50.830Z",
    "slug": "wwf",
    "name": "WWF",
    "description": "",
    "website": "",
    "email": ""
  }
},
{
  "model": "core.group",
  "pk": "0e33b509-73b8-4b8a-92cd-51c8f37690a7",
  "fields": {
    "created_at": "2021-12-07T14:56:42.450Z",
    "updated_at": "2021-12-16T14:48:50.944Z",
    "slug": "alto-mayo-group",
    "name": "Alto Mayo Group",
    "description": "",
    "website": "",
    "email": ""
  }
},
{
  "model": "core.group",
  "pk": "103b5675-a386-4da4-bc2e-0aeadab3d9c4",
  "fields": {
    "created_at": "2021-12-07T14:56:42.502Z",
    "updated_at": "2021-12-16T14:48:50.984Z",
    "slug": "alvelal",
    "name": "AlVelAl",
    "description": "",
    "website": "",
    "email": ""
  }
},
{
  "model": "core.group",
  "pk": "10a7bc05-b54e-4d68-8f11-55e5ba64ee70",
  "fields": {
    "created_at": "2021-12-16T14:48:50.930Z",
    "updated_at": "2021-12-16T14:48:50.930Z",
    "slug": "wwfs-great-sea-reef-resilience-programme",
    "name": "WWF's Great Sea Reef Resilience Programme",
    "description": "",
    "website": "",
    "email": ""
  }
},
{
  "model": "core.group",
  "pk": "1fc2ec0e-3cd8-4b37-a591-6014434168e6",
  "fields": {
    "created_at": "2021-12-07T14:56:42.436Z",
    "updated_at": "2021-12-16T14:48:50.935Z",
    "slug": "matanataki",
    "name": "Matanataki",
    "description": "",
    "website": "",
    "email": ""
  }
},
{
  "model": "core.group",
  "pk": "21cb9a6a-7129-4392-9da5-892fabe45a55",
  "fields": {
    "created_at": "2021-12-07T14:56:42.280Z",
    "updated_at": "2021-12-16T14:48:50.803Z",
    "slug": "sacred-sierra-group",
    "name": "Sacred Sierra Group",
    "description": "",
    "website": "",
    "email": ""
  }
},
{
  "model": "core.group",
  "pk": "22484b44-7ecc-489d-a8ec-67a227cd9dfe",
  "fields": {
    "created_at": "2021-12-07T14:56:42.227Z",
    "updated_at": "2021-12-16T14:48:50.764Z",
    "slug": "kiambu-group",
    "name": "Kiambu Group",
    "description": "",
    "website": "",
    "email": ""
  }
},
{
  "model": "core.group",
  "pk": "2591841a-252b-4d5f-bd3b-0cb6683a3348",
  "fields": {
    "created_at": "2021-12-07T14:56:42.497Z",
    "updated_at": "2021-12-16T14:48:50.976Z",
    "slug": "altiplano-estepario-group",
    "name": "Altiplano Estepario Group",
    "description": "",
    "website": "",
    "email": ""
  }
},
{
  "model": "core.group",
  "pk": "281df052-899a-4857-bbf2-28450aafc2a9",
  "fields": {
    "created_at": "2021-12-07T14:56:42.261Z",
    "updated_at": "2021-12-07T14:56:42.261Z",
    "slug": "sefwi-landscape-management-board",
    "name": "Sefwi Landscape Management Board",
    "description": "",
    "website": "",
    "email": ""
  }
},
{
  "model": "core.group",
  "pk": "293b94b4-c95c-4154-9b9a-85b52217d364",
  "fields": {
    "created_at": "2021-12-07T14:56:42.405Z",
    "updated_at": "2021-12-16T14:48:50.916Z",
    "slug": "umngeni-ecological-infrastructure-partnership-ueip",
    "name": "uMngeni Ecological Infrastructure Partnership (UEIP)",
    "description": "",
    "website": "",
    "email": ""
  }
},
{
  "model": "core.group",
  "pk": "2aa17573-8176-4470-b209-abea926471a0",
  "fields": {
    "created_at": "2021-12-07T14:56:42.352Z",
    "updated_at": "2021-12-07T14:56:42.352Z",
    "slug": "cobiocom",
    "name": "COBIOCOM",
    "description": "",
    "website": "",
    "email": ""
  }
},
{
  "model": "core.group",
  "pk": "2b62a160-d903-41e7-a42c-2e8e2d6d1652",
  "fields": {
    "created_at": "2021-12-07T14:56:42.462Z",
    "updated_at": "2021-12-07T14:56:42.462Z",
    "slug": "alto-mayo",
    "name": "Alto Mayo",
    "description": "",
    "website": "",
    "email": ""
  }
},
{
  "model": "core.group",
  "pk": "2ea02e57-8567-4aaa-8191-73a3d774bf39",
  "fields": {
    "created_at": "2021-12-07T14:56:42.380Z",
    "updated_at": "2021-12-16T14:48:50.899Z",
    "slug": "lake-naivasha-basin-landscape-association-lanabla",
    "name": "Lake Naivasha Basin Landscape Association (LANABLA) ",
    "description": "",
    "website": "",
    "email": ""
  }
},
{
  "model": "core.group",
  "pk": "302b063a-1bc1-4879-b4c1-b00ddb9dd1d5",
  "fields": {
    "created_at": "2021-12-07T14:56:42.242Z",
    "updated_at": "2021-12-16T14:48:50.777Z",
    "slug": "kiambu-county-government",
    "name": "Kiambu County Government",
    "description": "",
    "website": "",
    "email": ""
  }
},
{
  "model": "core.group",
  "pk": "3897ee52-951a-4dbd-beb6-f9bd95583327",
  "fields": {
    "created_at": "2021-12-07T14:56:42.517Z",
    "updated_at": "2021-12-16T14:48:50.992Z",
    "slug": "ahuachapan-group",
    "name": "Ahuachapan Group",
    "description": "",
    "website": "",
    "email": ""
  }
},
{
  "model": "core.group",
  "pk": "3b26226c-62bb-4ef6-a2fe-9e7b00db0c22",
  "fields": {
    "created_at": "2021-12-07T14:56:42.333Z",
    "updated_at": "2021-12-16T14:48:50.838Z",
    "slug": "acus-penninsula-galera-san-francisco-group",
    "name": "ACUS Penninsula Galera-San Francisco Group",
    "description": "",
    "website": "",
    "email": ""
  }
},
{
  "model": "core.group",
  "pk": "49ac1f0c-a660-4358-b710-6591139243b1",
  "fields": {
    "created_at": "2021-12-07T14:56:42.396Z",
    "updated_at": "2021-12-16T14:48:50.908Z",
    "slug": "umngeni-group",
    "name": "uMngeni Group",
    "description": "",
    "website": "",
    "email": ""
  }
},
{
  "model": "core.group",
  "pk": "4da6b804-5728-4d72-bea7-a360294c5b42",
  "fields": {
    "created_at": "2021-12-07T14:56:42.431Z",
    "updated_at": "2021-12-16T14:48:50.925Z",
    "slug": "great-sea-reef-cakaulevu-group",
    "name": "Great Sea Reef (Cakaulevu) Group",
    "description": "",
    "website": "",
    "email": ""
  }
},
{
  "model": "core.group",
  "pk": "56d6ab8b-7326-486e-bb6f-b9c80e0ea1cb",
  "fields": {
    "created_at": "2021-12-07T14:56:42.286Z",
    "updated_at": "2021-12-16T14:48:50.812Z",
    "slug": "anei",
    "name": "ANEI",
    "description": "",
    "website": "",
    "email": ""
  }
},
{
  "model": "core.group",
  "pk": "5c0154e0-ea1e-4ce2-86a5-df80729ca47b",
  "fields": {
    "created_at": "2021-12-16T14:48:51.018Z",
    "updated_at": "2021-12-16T14:48:51.018Z",
    "slug": "chiapas-group",
    "name": "Chiapas Group",
    "description": "",
    "website": "",
    "email": ""
  }
},
{
  "model": "core.group",
  "pk": "5f596678-13ed-42c7-ac65-fb6ab0800cde",
  "fields": {
    "created_at": "2021-12-07T14:56:42.525Z",
    "updated_at": "2021-12-16T14:48:51.000Z",
    "slug": "baviaanskloof-langkloof-group",
    "name": "Baviaanskloof & Langkloof Group",
    "description": "",
    "website": "",
    "email": ""
  }
},
{
  "model": "core.group",
  "pk": "62c6b3be-a029-4bfa-b1b2-a446ee64a7c5",
  "fields": {
    "created_at": "2021-12-07T14:56:42.576Z",
    "updated_at": "2021-12-16T14:48:51.059Z",
    "slug": "theotherway-landscape-name-tbd-group",
    "name": "TheOtherWay (landscape name tbd) Group",
    "description": "",
    "website": "",
    "email": ""
  }
},
{
  "model": "core.group",
  "pk": "6f5b61a7-bb37-45c6-ad89-2df6b3760c60",
  "fields": {
    "created_at": "2021-12-07T14:56:42.470Z",
    "updated_at": "2021-12-16T14:48:50.953Z",
    "slug": "conservation-international-peru",
    "name": "Conservation International Peru",
    "description": "",
    "website": "",
    "email": ""
  }
},
{
  "model": "core.group",
  "pk": "74e2ec59-0640-4791-a059-db2c4d2a2604",
  "fields": {
    "created_at": "2021-12-07T14:56:42.268Z",
    "updated_at": "2021-12-16T14:48:50.795Z",
    "slug": "ra-ghana",
    "name": "RA - Ghana",
    "description": "",
    "website": "",
    "email": ""
  }
},
{
  "model": "core.group",
  "pk": "74e62307-ca2a-43f8-a918-9dc42c232820",
  "fields": {
    "created_at": "2021-12-07T14:56:42.357Z",
    "updated_at": "2021-12-16T14:48:50.877Z",
    "slug": "reforestamos-mexico",
    "name": "Reforestamos México",
    "description": "",
    "website": "",
    "email": ""
  }
},
{
  "model": "core.group",
  "pk": "764fbcc1-123a-403e-a45c-cf6eb6f43ffb",
  "fields": {
    "created_at": "2021-12-07T14:56:42.214Z",
    "updated_at": "2021-12-16T14:48:50.750Z",
    "slug": "wwf-nepal",
    "name": "WWF Nepal",
    "description": "",
    "website": "",
    "email": ""
  }
},
{
  "model": "core.group",
  "pk": "87c200a6-1f29-43f2-adb2-ca2a3bfb9454",
  "fields": {
    "created_at": "2021-12-07T14:56:42.482Z",
    "updated_at": "2021-12-16T14:48:50.962Z",
    "slug": "mount-kenya-group",
    "name": "Mount Kenya Group",
    "description": "",
    "website": "",
    "email": ""
  }
},
{
  "model": "core.group",
  "pk": "87d078d4-956f-4375-88a7-c5977569d398",
  "fields": {
    "created_at": "2021-12-07T14:56:42.234Z",
    "updated_at": "2021-12-07T14:56:42.234Z",
    "slug": "multi-stakeholder-platform-of-kiambu-county",
    "name": "Multi-stakeholder platform of Kiambu County",
    "description": "",
    "website": "",
    "email": ""
  }
},
{
  "model": "core.group",
  "pk": "8d1976ec-7093-4503-a4ab-07b83be13e57",
  "fields": {
    "created_at": "2021-12-16T14:48:51.024Z",
    "updated_at": "2021-12-16T14:48:51.024Z",
    "slug": "olam-international",
    "name": "Olam International",
    "description": "",
    "website": "",
    "email": ""
  }
},
{
  "model": "core.group",
  "pk": "925a015e-ef13-4092-8841-1920b1dc402e",
  "fields": {
    "created_at": "2021-12-07T14:56:42.600Z",
    "updated_at": "2021-12-16T14:48:51.095Z",
    "slug": "ra-indonesia",
    "name": "RA - Indonesia",
    "description": "",
    "website": "",
    "email": ""
  }
},
{
  "model": "core.group",
  "pk": "9ef7a392-4441-4b70-a668-bbe0790a03cd",
  "fields": {
    "created_at": "2021-12-07T14:56:42.338Z",
    "updated_at": "2021-12-07T14:56:42.338Z",
    "slug": "acus-penninsula-galera-san-francisco",
    "name": "ACUS Penninsula Galera-San Francisco",
    "description": "",
    "website": "",
    "email": ""
  }
},
{
  "model": "core.group",
  "pk": "a73ce8e2-9352-4a56-92e2-ad8d7800679b",
  "fields": {
    "created_at": "2021-12-07T14:56:42.371Z",
    "updated_at": "2021-12-16T14:48:50.890Z",
    "slug": "lake-naivasha-basin-group",
    "name": "Lake Naivasha Basin Group",
    "description": "",
    "website": "",
    "email": ""
  }
},
{
  "model": "core.group",
  "pk": "ad4d7a65-22d7-414a-a3f1-7b3662d4f76a",
  "fields": {
    "created_at": "2021-12-07T14:56:42.595Z",
    "updated_at": "2021-12-07T14:56:42.595Z",
    "slug": "sintang-district-multistakeholder-partnership",
    "name": "Sintang District Multistakeholder Partnership",
    "description": "",
    "website": "",
    "email": ""
  }
},
{
  "model": "core.group",
  "pk": "baaea63f-4c5b-4203-96ab-2c655254cca7",
  "fields": {
    "created_at": "2021-12-07T14:56:42.531Z",
    "updated_at": "2021-12-16T14:48:51.009Z",
    "slug": "living-lands",
    "name": "Living Lands",
    "description": "",
    "website": "",
    "email": ""
  }
},
{
  "model": "core.group",
  "pk": "d616aed4-9dbf-4926-a731-60d4a98af69e",
  "fields": {
    "created_at": "2021-12-07T14:56:42.488Z",
    "updated_at": "2021-12-16T14:48:50.967Z",
    "slug": "ra-kenya",
    "name": "RA - Kenya",
    "description": "",
    "website": "",
    "email": ""
  }
},
{
  "model": "core.group",
  "pk": "dbb8fb66-2fe0-46a3-a081-82e96b1699ec",
  "fields": {
    "created_at": "2021-12-07T14:56:42.589Z",
    "updated_at": "2021-12-16T14:48:51.084Z",
    "slug": "sintang-group",
    "name": "Sintang Group",
    "description": "",
    "website": "",
    "email": ""
  }
},
{
  "model": "core.group",
  "pk": "dbc7577f-f29b-4b84-8f29-a9053b587a1e",
  "fields": {
    "created_at": "2021-12-07T14:56:42.347Z",
    "updated_at": "2021-12-16T14:48:50.856Z",
    "slug": "cobiocom-group",
    "name": "COBIOCOM Group",
    "description": "",
    "website": "",
    "email": ""
  }
},
{
  "model": "core.group",
  "pk": "e22e7ac7-cc3e-4b77-9571-38f9d54c6675",
  "fields": {
    "created_at": "2021-12-07T14:56:42.560Z",
    "updated_at": "2021-12-16T14:48:51.042Z",
    "slug": "ci-guyana",
    "name": "CI - Guyana",
    "description": "",
    "website": "",
    "email": ""
  }
},
{
  "model": "core.group",
  "pk": "e4528ef0-27a5-402b-a117-87fa671d6317",
  "fields": {
    "created_at": "2021-12-07T14:56:42.554Z",
    "updated_at": "2021-12-07T14:56:42.554Z",
    "slug": "regional-development-consultative-committee-rdcc",
    "name": "Regional Development Consultative Committee (RDCC) ",
    "description": "",
    "website": "",
    "email": ""
  }
},
{
  "model": "core.group",
  "pk": "e631d90c-cb98-40b6-880b-eb5a6b475088",
  "fields": {
    "created_at": "2021-12-07T14:56:42.254Z",
    "updated_at": "2021-12-16T14:48:50.784Z",
    "slug": "sui-river-forest-reserve-group",
    "name": "Sui River Forest Reserve Group",
    "description": "",
    "website": "",
    "email": ""
  }
},
{
  "model": "core.group",
  "pk": "ec03b307-3e3c-411e-8230-0b4210eca9fe",
  "fields": {
    "created_at": "2021-12-16T14:48:50.771Z",
    "updated_at": "2021-12-16T14:48:50.771Z",
    "slug": "still-forming",
    "name": "Still Forming",
    "description": "",
    "website": "",
    "email": ""
  }
},
{
  "model": "core.group",
  "pk": "f16c454f-fb8b-4e12-b8a3-90f5163aa047",
  "fields": {
    "created_at": "2021-12-07T14:56:42.319Z",
    "updated_at": "2021-12-07T14:56:42.319Z",
    "slug": "bison-hillock-association",
    "name": "Bison Hillock Association",
    "description": "",
    "website": "",
    "email": ""
  }
},
{
  "model": "core.group",
  "pk": "f4c6542a-8983-4ef4-afb6-c4f117990ca7",
  "fields": {
    "created_at": "2021-12-07T14:56:42.548Z",
    "updated_at": "2021-12-16T14:48:51.033Z",
    "slug": "rupununi-group",
    "name": "Rupununi Group",
    "description": "",
    "website": "",
    "email": ""
  }
},
{
  "model": "core.group",
  "pk": "f699e686-d025-4cc0-aead-2a084a91962e",
  "fields": {
    "created_at": "2021-12-07T14:56:42.203Z",
    "updated_at": "2021-12-16T14:48:50.732Z",
    "slug": "terai-arc-dormant-relationship-group",
    "name": "Terai Arc (dormant relationship) Group",
    "description": "",
    "website": "",
    "email": ""
  }
},
{
  "model": "core.group",
  "pk": "f9c7b938-d5e5-4f8c-add8-7a0abb66403d",
  "fields": {
    "created_at": "2021-12-07T14:56:42.311Z",
    "updated_at": "2021-12-16T14:48:50.820Z",
    "slug": "bison-hillock-group",
    "name": "Bison Hillock Group",
    "description": "",
    "website": "",
    "email": ""
  }
},
{
  "model": "core.group",
  "pk": "fd8110a9-570b-403d-971d-ca0553fadf8e",
  "fields": {
    "created_at": "2021-12-07T14:56:42.582Z",
    "updated_at": "2021-12-16T14:48:51.071Z",
    "slug": "the-other-way",
    "name": "The Other Way",
    "description": "",
    "website": "",
    "email": ""
  }
},
{
  "model": "core.membership",
  "pk": "4fed0c6b-0231-4b2a-a99f-a181adcbb754",
  "fields": {
    "created_at": "2021-12-16T14:26:16.821Z",
    "updated_at": "2021-12-16T14:26:16.821Z",
    "group": "dbc7577f-f29b-4b84-8f29-a9053b587a1e",
    "user": "c4387517-a239-4e21-9757-0fe3ed80519a",
    "user_role": "member"
  }
},
{
  "model": "core.membership",
  "pk": "7b716e50-b8ab-426d-aa0f-71db04939549",
  "fields": {
    "created_at": "2021-12-16T14:31:15.861Z",
    "updated_at": "2021-12-16T14:31:15.862Z",
    "group": "74e62307-ca2a-43f8-a918-9dc42c232820",
    "user": "6756527c-27a9-4e05-ad75-2512292d07d6",
    "user_role": "member"
  }
},
{
  "model": "core.membership",
  "pk": "7fac04fc-8f96-4e10-8439-5324dcecc66a",
  "fields": {
    "created_at": "2021-12-16T14:31:15.868Z",
    "updated_at": "2021-12-16T14:31:15.868Z",
    "group": "0a16e134-88fe-4f8b-bc66-f828bab17458",
    "user": "6756527c-27a9-4e05-ad75-2512292d07d6",
    "user_role": "member"
  }
},
{
  "model": "core.landscape",
  "pk": "0bd5d619-8645-4d86-a5a6-c1294b1871e3",
  "fields": {
    "created_at": "2021-12-07T14:56:42.479Z",
    "updated_at": "2021-12-16T14:48:50.959Z",
    "slug": "mount-kenya",
    "name": "Mount Kenya",
    "description": "",
    "website": "",
    "location": ", Kenya"
  }
},
{
  "model": "core.landscape",
  "pk": "1b91d9a6-a889-4559-8300-ce5561921821",
  "fields": {
    "created_at": "2021-12-07T14:56:42.393Z",
    "updated_at": "2021-12-16T14:48:50.905Z",
    "slug": "umngeni",
    "name": "uMngeni",
    "description": "",
    "website": "http://biodiversityadvisor.sanbi.org/participation/umngeni-ecological-infrastructure-partnership/",
    "location": "Africa, South Africa"
  }
},
{
  "model": "core.landscape",
  "pk": "3374a576-e538-401e-974d-cc6fd36422d7",
  "fields": {
    "created_at": "2021-12-07T14:56:42.587Z",
    "updated_at": "2021-12-16T14:48:51.081Z",
    "slug": "sintang",
    "name": "Sintang",
    "description": "The Sintang district in Indonesia is home to globally significant forests. About half the tree cover is primary tropical rainforest, and about one-third of this is still intact.\n",
    "website": "https://www.cifor.org/knowledge/publication/7797/",
    "location": "Asia, Indonesia"
  }
},
{
  "model": "core.landscape",
  "pk": "5f3cdb6d-c8ef-4b1e-b3b0-e82d7fb3dce5",
  "fields": {
    "created_at": "2021-12-07T14:56:42.331Z",
    "updated_at": "2021-12-16T14:48:50.835Z",
    "slug": "acus-penninsula-galera-san-francisco",
    "name": "ACUS Penninsula Galera-San Francisco",
    "description": "The Galera-San Francisco Peninsula is a unique landscape holding some of the last remnants of the coastal Chocó rainforest in Ecuador.\n",
    "website": "https://www.regen.network/case-studies/eco-cacao/\n",
    "location": "South America, Ecuador"
  }
},
{
  "model": "core.landscape",
  "pk": "72b76a6a-6313-4cd3-92a3-d63cdf393d87",
  "fields": {
    "created_at": "2021-12-07T14:56:42.308Z",
    "updated_at": "2021-12-16T14:48:50.818Z",
    "slug": "bison-hillock",
    "name": "Bison Hillock",
    "description": "The Bison Hillock stretches over the picturesque landscapes of the community of Armeniș, where an ambitious project on the protection of wildlife has been embraced and developed over the past 4 years. Sustainable development of this area and the well-being of local communities is a mission of a team of partners: AMZA, WWF, Armeniș City Hall, Rewilding Europe and friends all over the country. With the arrival of the first bison in Armeniș, the Bison Hillock Association was born to boost the development of activities that value wildlife and cultural heritage in a sustainable way. AMZA is the umbrella of small or large initiatives that sum up the ecotourism offer in this area: accommodation and meals, specialised guides, local products, trails and tourist infrastructure, promoting them under a single brand of the Bison Hillock.\n",
    "website": "https://bisonhillock.ro/",
    "location": "Europe, Romania"
  }
},
{
  "model": "core.landscape",
  "pk": "81ec9979-0aed-41e4-82df-7a06dd7194ee",
  "fields": {
    "created_at": "2021-12-07T14:56:42.522Z",
    "updated_at": "2021-12-16T14:48:50.997Z",
    "slug": "baviaanskloof-langkloof",
    "name": "Baviaanskloof & Langkloof",
    "description": "Catchments in the mountains of southern South Africa where collaborations with the local farming community have resulted in large-scale rehabilitation and regenerative agriculture programs.\n",
    "website": "https://www.livinglands.com/landscapes",
    "location": "Africa, South Africa"
  }
},
{
  "model": "core.landscape",
  "pk": "8ad1adc1-9662-4022-aa54-cac8884bbde1",
  "fields": {
    "created_at": "2021-12-16T14:48:51.015Z",
    "updated_at": "2021-12-16T14:48:51.015Z",
    "slug": "chiapas",
    "name": "Chiapas",
    "description": "",
    "website": "",
    "location": ", Mexico"
  }
},
{
  "model": "core.landscape",
  "pk": "97ef1188-cd3f-41d7-aa53-e60b840b58e5",
  "fields": {
    "created_at": "2021-12-07T14:56:42.344Z",
    "updated_at": "2021-12-16T14:48:50.853Z",
    "slug": "cobiocom",
    "name": "COBIOCOM",
    "description": "The Biocultural Corridor of the Central West of Mexico (COBIOCOM) is an inter-institutional initiative made up of environmental institutions from the federal entities of western Mexico (Jalisco, Nayarit, Zacatecas, Aguascalientes, San Luis Potosí, Guanajuato, Michoacán and Colima), by the National Commission for Natural Protected Areas (CONANP), the National Commission for the Knowledge and Use of Biodiversity (CONABIO), Reforestamos México, Ecosystemics and allies WWF-México and IRPMZ.\n\n",
    "website": "http://cobiocom.mx/",
    "location": "North America, Mexico"
  }
},
{
  "model": "core.landscape",
  "pk": "a96b94d8-d550-46b4-ac6f-08e43dae5dc1",
  "fields": {
    "created_at": "2021-12-07T14:56:42.542Z",
    "updated_at": "2021-12-16T14:48:51.030Z",
    "slug": "rupununi",
    "name": "Rupununi",
    "description": "The Rupununi Savannah encompasses 5000 square miles of grasslands, swamplands, rain-forested mountains and is Guyana’s most biologically diverse region.\n",
    "website": "https://rupununi.org/",
    "location": "South America, Guyana"
  }
},
{
  "model": "core.landscape",
  "pk": "aba19109-a997-41e2-9290-0600080e7495",
  "fields": {
    "created_at": "2021-12-07T14:56:42.366Z",
    "updated_at": "2021-12-16T14:48:50.886Z",
    "slug": "lake-naivasha-basin",
    "name": "Lake Naivasha Basin",
    "description": "At Lake Naivasha Basin Landscape Association we believe in the spirit of collaboration. We are working closely with the National government, county governments, state agencies and Non-Governmental Organizations (NGOs) involved in Natural resource Management in Lake Naivasha Basin.\n",
    "website": "https://lanabla.org/",
    "location": "Africa, Kenya"
  }
},
{
  "model": "core.landscape",
  "pk": "ada5f05c-c107-455a-9ba7-fee37105fdc2",
  "fields": {
    "created_at": "2021-12-07T14:56:42.565Z",
    "updated_at": "2021-12-16T14:48:51.048Z",
    "slug": "amarakaeri-communal-reserve",
    "name": "Amarakaeri Communal Reserve",
    "description": "The amarakaeri communal reserve is a protected natural area established by the Peruvian state on May 9, 2002 to petition of the original arak peoples wood dean and machiguenga in order to conserve part of its territory ancestral amarakaeri has an extension of almost half a million hectares where these peoples have made thesurveillance and sustainable management of forests since ancient times in the face of pressures such as mining gold mining and illegal logging co-management from the amarakaeri communal reserve comes implementing the strategy of surveillance and control with the participation of 24 community guards and 14 official park rangers this with the in order to establish various actions to the protection and conservation of this protected natural area.\n",
    "website": "",
    "location": "South America, Peru"
  }
},
{
  "model": "core.landscape",
  "pk": "cacb00bd-0836-4202-9ce1-f49fa2bf0bc8",
  "fields": {
    "created_at": "2021-12-07T14:56:42.428Z",
    "updated_at": "2021-12-16T14:48:50.922Z",
    "slug": "great-sea-reef-cakaulevu",
    "name": "Great Sea Reef (Cakaulevu)",
    "description": "The Great Sea Reef (GSR), locally known as the “Cakaulevu” is the southern hemisphere’s third longest continuous barrier reef system. Running over 200km in length from the northern most tip of the island of Vanua Levu to the outer most barrier reefs and the near-shore fringing reefs of the Yasawa Islands, the GSR is home to a high value coral reef biodiversity area. Four of the six major rivers of the country drain into the GSR. Two of the major, deltas, mangrove systems and much of the sea grasses important for turtles and fish nursery grounds.\nThe reef has been part of the Fijian lifestyle for centuries, providing sustenance, protection and supports a diverse range of industries from fishing to tourism being the highest revenue earner for the past decade. The GSR is a test of the fine balance between development and resource management for Fiji.\n\n",
    "website": "https://matanataki.com/",
    "location": "Pacific, Fiji"
  }
},
{
  "model": "core.landscape",
  "pk": "d0cc2dcd-919f-47ee-b045-52729a921af3",
  "fields": {
    "created_at": "2021-12-07T14:56:42.514Z",
    "updated_at": "2021-12-16T14:48:50.990Z",
    "slug": "ahuachapan",
    "name": "Ahuachapan",
    "description": "",
    "website": "",
    "location": "South America, El Salvador"
  }
},
{
  "model": "core.landscape",
  "pk": "d476e2ec-6203-44c2-bbe8-e9306c2ab6ca",
  "fields": {
    "created_at": "2021-12-07T14:56:42.197Z",
    "updated_at": "2021-12-16T14:48:50.721Z",
    "slug": "terai-arc-dormant-relationship",
    "name": "Terai Arc (dormant relationship)",
    "description": "",
    "website": "",
    "location": "Asia, Nepal"
  }
},
{
  "model": "core.landscape",
  "pk": "d57914ff-7ea7-49e0-b610-060b567aa7ce",
  "fields": {
    "created_at": "2021-12-07T14:56:42.251Z",
    "updated_at": "2021-12-16T14:48:50.782Z",
    "slug": "sui-river-forest-reserve",
    "name": "Sui River Forest Reserve",
    "description": "Corinne: \"Sui River is in Western-North Ghana I believe and it was meant to become a 1000L pilot until Christian decided that they'd rather join as early adopters (later down the line) as not much capacity for testing. Christian participated in the June 2020 co-design workshop so he has some general understanding of what we're doing. But he's really hard to get hold off, but he may delegate, which would be fine. He oversees all our landscape work in Western Africa, more on the strategic/partnership building/fundraising side of things.\"\n",
    "website": "",
    "location": "Africa, Ghana"
  }
},
{
  "model": "core.landscape",
  "pk": "d873aa45-8297-4b1e-a1a5-ba7160eb96eb",
  "fields": {
    "created_at": "2021-12-07T14:56:42.448Z",
    "updated_at": "2021-12-16T14:48:50.941Z",
    "slug": "alto-mayo",
    "name": "Alto Mayo",
    "description": "Part of the Abiseo- Condor-Kutuku conservation corridor in Peru, the Alto Mayo region is rich in biodiversity and ecosystems that provide important ecosystem services at the local and global levels.\n",
    "website": "https://www.conservation.org/stories/implementing-forest-conservation-in-perus-alto-mayo-region ",
    "location": "South America, Peru"
  }
},
{
  "model": "core.landscape",
  "pk": "f06abcfd-0dd7-4d24-bd37-0eeb59c91f8b",
  "fields": {
    "created_at": "2021-12-07T14:56:42.574Z",
    "updated_at": "2021-12-16T14:48:51.056Z",
    "slug": "theotherway-landscape-name-tbd",
    "name": "TheOtherWay (landscape name tbd)",
    "description": "",
    "website": "",
    "location": ", "
  }
},
{
  "model": "core.landscape",
  "pk": "f1516b6c-6d7c-48c2-9566-eb6d95ea0f45",
  "fields": {
    "created_at": "2021-12-07T14:56:42.277Z",
    "updated_at": "2021-12-16T14:48:50.800Z",
    "slug": "sacred-sierra",
    "name": "Sacred Sierra",
    "description": "\nANEI is an organization made up of 700 producers from families belonging to 4 native communities (Arhuacos, Koguis, Kankuamos and Wiwas), and farmers from the Sierra Nevada de Santa Marta and Serranía del Perijá.  They share a vision of the world from a social and environmental point of view, where small actions add solutions to the needs of the communities. ANEI was founded in order to improve the living conditions of indigenous communities and peasant families in the region, directing them to a new vision of the world, broader and full of opportunities that links them with the consumers of its products in different parts of the world. , whose purpose is the improvement of their quality of life and the search for their sustainability.\n\n\nsupported by Ethos Agriculture: <https://ethosagriculture.com/> \n\n",
    "website": "https://www.anei.org.co/",
    "location": "South America, Colombia"
  }
},
{
  "model": "core.landscape",
  "pk": "f4e9bdd9-9a09-420e-a704-419f0488b7ee",
  "fields": {
    "created_at": "2021-12-07T14:56:42.495Z",
    "updated_at": "2021-12-16T14:48:50.973Z",
    "slug": "altiplano-estepario",
    "name": "Altiplano Estepario",
    "description": "A landscape in plateau regions of Spain seeking to mobilize local communities toward the vision of a self-sufficient region, full of life and growth.\n",
    "website": "https://4returns.earth/portfolio-items/restoring-the-landscape-by-building-a-movement/AlVelAl ",
    "location": "Europe, Spain"
  }
},
{
  "model": "core.landscape",
  "pk": "faddff34-1c0c-483b-82f3-928add6e5e5e",
  "fields": {
    "created_at": "2021-12-07T14:56:42.223Z",
    "updated_at": "2021-12-16T14:48:50.760Z",
    "slug": "kiambu",
    "name": "Kiambu",
    "description": "Northwest of Nairobi, Kenya, the Kikuyu Escarpment forest lies to and covers the southern slopes of the Aberdare Escarpment.\n",
    "website": "",
    "location": "Africa, Kenya"
  }
},
{
  "model": "core.landscapegroup",
  "pk": "044b1a4f-d5d6-4c7f-9a0e-ca7afa0c8562",
  "fields": {
    "created_at": "2021-12-07T14:56:42.603Z",
    "updated_at": "2021-12-16T14:48:51.097Z",
    "landscape": "3374a576-e538-401e-974d-cc6fd36422d7",
    "group": "925a015e-ef13-4092-8841-1920b1dc402e",
    "is_default_landscape_group": false
  }
},
{
  "model": "core.landscapegroup",
  "pk": "06c0c5b6-9d79-43d6-9cc4-2178316136b7",
  "fields": {
    "created_at": "2021-12-16T14:48:51.021Z",
    "updated_at": "2021-12-16T14:48:51.021Z",
    "landscape": "8ad1adc1-9662-4022-aa54-cac8884bbde1",
    "group": "5c0154e0-ea1e-4ce2-86a5-df80729ca47b",
    "is_default_landscape_group": true
  }
},
{
  "model": "core.landscapegroup",
  "pk": "0b9e1c84-e4a5-4c77-846d-1659846c4d8c",
  "fields": {
    "created_at": "2021-12-07T14:56:42.592Z",
    "updated_at": "2021-12-16T14:48:51.088Z",
    "landscape": "3374a576-e538-401e-974d-cc6fd36422d7",
    "group": "dbb8fb66-2fe0-46a3-a081-82e96b1699ec",
    "is_default_landscape_group": true
  }
},
{
  "model": "core.landscapegroup",
  "pk": "12754249-38bd-4b70-af57-afc11d0cf8bf",
  "fields": {
    "created_at": "2021-12-07T14:56:42.231Z",
    "updated_at": "2021-12-16T14:48:50.767Z",
    "landscape": "faddff34-1c0c-483b-82f3-928add6e5e5e",
    "group": "22484b44-7ecc-489d-a8ec-67a227cd9dfe",
    "is_default_landscape_group": true
  }
},
{
  "model": "core.landscapegroup",
  "pk": "13f99108-180d-43e5-8794-8bbd654ff461",
  "fields": {
    "created_at": "2021-12-07T14:56:42.492Z",
    "updated_at": "2021-12-16T14:48:50.970Z",
    "landscape": "0bd5d619-8645-4d86-a5a6-c1294b1871e3",
    "group": "d616aed4-9dbf-4926-a731-60d4a98af69e",
    "is_default_landscape_group": false
  }
},
{
  "model": "core.landscapegroup",
  "pk": "1dfbdcdf-a127-4b29-9d79-6f46ce73be98",
  "fields": {
    "created_at": "2021-12-07T14:56:42.528Z",
    "updated_at": "2021-12-16T14:48:51.002Z",
    "landscape": "81ec9979-0aed-41e4-82df-7a06dd7194ee",
    "group": "5f596678-13ed-42c7-ac65-fb6ab0800cde",
    "is_default_landscape_group": true
  }
},
{
  "model": "core.landscapegroup",
  "pk": "1e837aab-e454-4789-8401-ac6c45aea7d6",
  "fields": {
    "created_at": "2021-12-07T14:56:42.562Z",
    "updated_at": "2021-12-16T14:48:51.045Z",
    "landscape": "a96b94d8-d550-46b4-ac6f-08e43dae5dc1",
    "group": "e22e7ac7-cc3e-4b77-9571-38f9d54c6675",
    "is_default_landscape_group": false
  }
},
{
  "model": "core.landscapegroup",
  "pk": "216e24ed-7227-4325-889a-2b3e9fba977e",
  "fields": {
    "created_at": "2021-12-16T14:48:51.027Z",
    "updated_at": "2021-12-16T14:48:51.027Z",
    "landscape": "8ad1adc1-9662-4022-aa54-cac8884bbde1",
    "group": "8d1976ec-7093-4503-a4ab-07b83be13e57",
    "is_default_landscape_group": false
  }
},
{
  "model": "core.landscapegroup",
  "pk": "2421a3cd-8249-4deb-ba4f-da69d42948c4",
  "fields": {
    "created_at": "2021-12-07T14:56:42.316Z",
    "updated_at": "2021-12-16T14:48:50.823Z",
    "landscape": "72b76a6a-6313-4cd3-92a3-d63cdf393d87",
    "group": "f9c7b938-d5e5-4f8c-add8-7a0abb66403d",
    "is_default_landscape_group": true
  }
},
{
  "model": "core.landscapegroup",
  "pk": "2d92374d-a8e2-4b3d-bc16-ba6cf4523dd6",
  "fields": {
    "created_at": "2021-12-07T14:56:42.557Z",
    "updated_at": "2021-12-16T14:48:51.039Z",
    "landscape": "a96b94d8-d550-46b4-ac6f-08e43dae5dc1",
    "group": "e4528ef0-27a5-402b-a117-87fa671d6317",
    "is_default_landscape_group": false
  }
},
{
  "model": "core.landscapegroup",
  "pk": "35c159a6-c027-46d9-8fe4-8e487f8dbf3d",
  "fields": {
    "created_at": "2021-12-07T14:56:42.265Z",
    "updated_at": "2021-12-16T14:48:50.792Z",
    "landscape": "d57914ff-7ea7-49e0-b610-060b567aa7ce",
    "group": "281df052-899a-4857-bbf2-28450aafc2a9",
    "is_default_landscape_group": false
  }
},
{
  "model": "core.landscapegroup",
  "pk": "3e4fb585-5c52-4131-a353-3ba2ece48d82",
  "fields": {
    "created_at": "2021-12-07T14:56:42.349Z",
    "updated_at": "2021-12-16T14:48:50.859Z",
    "landscape": "97ef1188-cd3f-41d7-aa53-e60b840b58e5",
    "group": "dbc7577f-f29b-4b84-8f29-a9053b587a1e",
    "is_default_landscape_group": true
  }
},
{
  "model": "core.landscapegroup",
  "pk": "42abe0d3-c4b4-402c-be5c-75d4716f5e45",
  "fields": {
    "created_at": "2021-12-07T14:56:42.434Z",
    "updated_at": "2021-12-16T14:48:50.927Z",
    "landscape": "cacb00bd-0836-4202-9ce1-f49fa2bf0bc8",
    "group": "4da6b804-5728-4d72-bea7-a360294c5b42",
    "is_default_landscape_group": true
  }
},
{
  "model": "core.landscapegroup",
  "pk": "6c7a84dd-a6ed-4ac1-9db2-7d2bf9eb8aab",
  "fields": {
    "created_at": "2021-12-07T14:56:42.413Z",
    "updated_at": "2021-12-16T14:48:50.919Z",
    "landscape": "1b91d9a6-a889-4559-8300-ce5561921821",
    "group": "293b94b4-c95c-4154-9b9a-85b52217d364",
    "is_default_landscape_group": false
  }
},
{
  "model": "core.landscapegroup",
  "pk": "7ad62d12-f0a5-433a-a1df-77e2b30d1efb",
  "fields": {
    "created_at": "2021-12-07T14:56:42.500Z",
    "updated_at": "2021-12-16T14:48:50.978Z",
    "landscape": "f4e9bdd9-9a09-420e-a704-419f0488b7ee",
    "group": "2591841a-252b-4d5f-bd3b-0cb6683a3348",
    "is_default_landscape_group": true
  }
},
{
  "model": "core.landscapegroup",
  "pk": "7bb78db1-b7a1-40ea-963d-9b255d5427da",
  "fields": {
    "created_at": "2021-12-07T14:56:42.283Z",
    "updated_at": "2021-12-16T14:48:50.806Z",
    "landscape": "f1516b6c-6d7c-48c2-9566-eb6d95ea0f45",
    "group": "21cb9a6a-7129-4392-9da5-892fabe45a55",
    "is_default_landscape_group": true
  }
},
{
  "model": "core.landscapegroup",
  "pk": "7c404a53-5f1e-4dfa-94c6-f3154c9b3ac6",
  "fields": {
    "created_at": "2021-12-07T14:56:42.246Z",
    "updated_at": "2021-12-16T14:48:50.780Z",
    "landscape": "faddff34-1c0c-483b-82f3-928add6e5e5e",
    "group": "302b063a-1bc1-4879-b4c1-b00ddb9dd1d5",
    "is_default_landscape_group": false
  }
},
{
  "model": "core.landscapegroup",
  "pk": "839a7851-2397-4fbb-bad3-dccb43deb042",
  "fields": {
    "created_at": "2021-12-07T14:56:42.597Z",
    "updated_at": "2021-12-16T14:48:51.092Z",
    "landscape": "3374a576-e538-401e-974d-cc6fd36422d7",
    "group": "ad4d7a65-22d7-414a-a3f1-7b3662d4f76a",
    "is_default_landscape_group": false
  }
},
{
  "model": "core.landscapegroup",
  "pk": "847b36d7-8ca0-4bfc-a212-37d7323053e8",
  "fields": {
    "created_at": "2021-12-07T14:56:42.458Z",
    "updated_at": "2021-12-16T14:48:50.946Z",
    "landscape": "d873aa45-8297-4b1e-a1a5-ba7160eb96eb",
    "group": "0e33b509-73b8-4b8a-92cd-51c8f37690a7",
    "is_default_landscape_group": true
  }
},
{
  "model": "core.landscapegroup",
  "pk": "85a5ac42-3d1b-48dd-b5cd-da56bcdb812b",
  "fields": {
    "created_at": "2021-12-07T14:56:42.534Z",
    "updated_at": "2021-12-16T14:48:51.012Z",
    "landscape": "81ec9979-0aed-41e4-82df-7a06dd7194ee",
    "group": "baaea63f-4c5b-4203-96ab-2c655254cca7",
    "is_default_landscape_group": false
  }
},
{
  "model": "core.landscapegroup",
  "pk": "877aca2d-673d-492d-b50a-91afc83fc545",
  "fields": {
    "created_at": "2021-12-16T14:48:50.932Z",
    "updated_at": "2021-12-16T14:48:50.932Z",
    "landscape": "cacb00bd-0836-4202-9ce1-f49fa2bf0bc8",
    "group": "10a7bc05-b54e-4d68-8f11-55e5ba64ee70",
    "is_default_landscape_group": false
  }
},
{
  "model": "core.landscapegroup",
  "pk": "879c76f0-79e4-4eb1-b038-c5c99ee69cff",
  "fields": {
    "created_at": "2021-12-07T14:56:42.273Z",
    "updated_at": "2021-12-16T14:48:50.798Z",
    "landscape": "d57914ff-7ea7-49e0-b610-060b567aa7ce",
    "group": "74e2ec59-0640-4791-a059-db2c4d2a2604",
    "is_default_landscape_group": false
  }
},
{
  "model": "core.landscapegroup",
  "pk": "8ddd9108-50b5-49ed-a1da-5103cfaf0f48",
  "fields": {
    "created_at": "2021-12-07T14:56:42.485Z",
    "updated_at": "2021-12-16T14:48:50.964Z",
    "landscape": "0bd5d619-8645-4d86-a5a6-c1294b1871e3",
    "group": "87c200a6-1f29-43f2-adb2-ca2a3bfb9454",
    "is_default_landscape_group": true
  }
},
{
  "model": "core.landscapegroup",
  "pk": "94fbaca9-16ac-4126-bce9-3887ea967ecf",
  "fields": {
    "created_at": "2021-12-07T14:56:42.238Z",
    "updated_at": "2021-12-07T14:56:42.238Z",
    "landscape": "faddff34-1c0c-483b-82f3-928add6e5e5e",
    "group": "87d078d4-956f-4375-88a7-c5977569d398",
    "is_default_landscape_group": false
  }
},
{
  "model": "core.landscapegroup",
  "pk": "963aefb5-4f48-4ae6-ae7b-3e50bf3ce4c5",
  "fields": {
    "created_at": "2021-12-07T14:56:42.439Z",
    "updated_at": "2021-12-16T14:48:50.938Z",
    "landscape": "cacb00bd-0836-4202-9ce1-f49fa2bf0bc8",
    "group": "1fc2ec0e-3cd8-4b37-a591-6014434168e6",
    "is_default_landscape_group": false
  }
},
{
  "model": "core.landscapegroup",
  "pk": "9d486d51-a95e-40b2-a30e-c2533bc2e83e",
  "fields": {
    "created_at": "2021-12-07T14:56:42.360Z",
    "updated_at": "2021-12-16T14:48:50.882Z",
    "landscape": "97ef1188-cd3f-41d7-aa53-e60b840b58e5",
    "group": "74e62307-ca2a-43f8-a918-9dc42c232820",
    "is_default_landscape_group": false
  }
},
{
  "model": "core.landscapegroup",
  "pk": "9dfaa0da-84eb-4e27-874a-66db9deafdce",
  "fields": {
    "created_at": "2021-12-07T14:56:42.289Z",
    "updated_at": "2021-12-16T14:48:50.815Z",
    "landscape": "f1516b6c-6d7c-48c2-9566-eb6d95ea0f45",
    "group": "56d6ab8b-7326-486e-bb6f-b9c80e0ea1cb",
    "is_default_landscape_group": false
  }
},
{
  "model": "core.landscapegroup",
  "pk": "a46c60a9-fd2a-4e41-a0ce-d2433ef5df8e",
  "fields": {
    "created_at": "2021-12-07T14:56:42.584Z",
    "updated_at": "2021-12-16T14:48:51.076Z",
    "landscape": "f06abcfd-0dd7-4d24-bd37-0eeb59c91f8b",
    "group": "fd8110a9-570b-403d-971d-ca0553fadf8e",
    "is_default_landscape_group": false
  }
},
{
  "model": "core.landscapegroup",
  "pk": "aa7671ff-0143-4101-b0af-c5e0d06eee16",
  "fields": {
    "created_at": "2021-12-07T14:56:42.571Z",
    "updated_at": "2021-12-16T14:48:51.053Z",
    "landscape": "ada5f05c-c107-455a-9ba7-fee37105fdc2",
    "group": "0785707d-50ce-4e71-85b2-72d04b42c510",
    "is_default_landscape_group": true
  }
},
{
  "model": "core.landscapegroup",
  "pk": "aa79024c-9c0c-44ff-a426-c6ecdc39bf8e",
  "fields": {
    "created_at": "2021-12-07T14:56:42.399Z",
    "updated_at": "2021-12-16T14:48:50.910Z",
    "landscape": "1b91d9a6-a889-4559-8300-ce5561921821",
    "group": "49ac1f0c-a660-4358-b710-6591139243b1",
    "is_default_landscape_group": true
  }
},
{
  "model": "core.landscapegroup",
  "pk": "aabb7f73-e3d4-4750-84c2-375dfeb0a9f4",
  "fields": {
    "created_at": "2021-12-07T14:56:42.551Z",
    "updated_at": "2021-12-16T14:48:51.036Z",
    "landscape": "a96b94d8-d550-46b4-ac6f-08e43dae5dc1",
    "group": "f4c6542a-8983-4ef4-afb6-c4f117990ca7",
    "is_default_landscape_group": true
  }
},
{
  "model": "core.landscapegroup",
  "pk": "b6a3eb18-bbb1-433f-b2d9-84ef4dd02024",
  "fields": {
    "created_at": "2021-12-07T14:56:42.354Z",
    "updated_at": "2021-12-16T14:48:50.871Z",
    "landscape": "97ef1188-cd3f-41d7-aa53-e60b840b58e5",
    "group": "2aa17573-8176-4470-b209-abea926471a0",
    "is_default_landscape_group": false
  }
},
{
  "model": "core.landscapegroup",
  "pk": "b9663056-2e48-4e22-bf82-3e5bcbb4e0dc",
  "fields": {
    "created_at": "2021-12-07T14:56:42.519Z",
    "updated_at": "2021-12-16T14:48:50.995Z",
    "landscape": "d0cc2dcd-919f-47ee-b045-52729a921af3",
    "group": "3897ee52-951a-4dbd-beb6-f9bd95583327",
    "is_default_landscape_group": true
  }
},
{
  "model": "core.landscapegroup",
  "pk": "c0ef65d2-c833-4924-ac38-d5c0014cfa79",
  "fields": {
    "created_at": "2021-12-07T14:56:42.219Z",
    "updated_at": "2021-12-16T14:48:50.756Z",
    "landscape": "d476e2ec-6203-44c2-bbe8-e9306c2ab6ca",
    "group": "764fbcc1-123a-403e-a45c-cf6eb6f43ffb",
    "is_default_landscape_group": false
  }
},
{
  "model": "core.landscapegroup",
  "pk": "c20bbe28-9eb8-4a0e-9eb2-87ea502712e6",
  "fields": {
    "created_at": "2021-12-07T14:56:42.579Z",
    "updated_at": "2021-12-16T14:48:51.065Z",
    "landscape": "f06abcfd-0dd7-4d24-bd37-0eeb59c91f8b",
    "group": "62c6b3be-a029-4bfa-b1b2-a446ee64a7c5",
    "is_default_landscape_group": true
  }
},
{
  "model": "core.landscapegroup",
  "pk": "c3a7ffd8-1009-421d-ab96-dc5fa48e4fc1",
  "fields": {
    "created_at": "2021-12-16T14:48:50.774Z",
    "updated_at": "2021-12-16T14:48:50.774Z",
    "landscape": "faddff34-1c0c-483b-82f3-928add6e5e5e",
    "group": "ec03b307-3e3c-411e-8230-0b4210eca9fe",
    "is_default_landscape_group": false
  }
},
{
  "model": "core.landscapegroup",
  "pk": "cb669093-1832-4b98-84d9-575694a5460b",
  "fields": {
    "created_at": "2021-12-07T14:56:42.341Z",
    "updated_at": "2021-12-16T14:48:50.844Z",
    "landscape": "5f3cdb6d-c8ef-4b1e-b3b0-e82d7fb3dce5",
    "group": "9ef7a392-4441-4b70-a668-bbe0790a03cd",
    "is_default_landscape_group": false
  }
},
{
  "model": "core.landscapegroup",
  "pk": "cb75b6be-cad4-4e64-9d76-53953110bbb3",
  "fields": {
    "created_at": "2021-12-07T14:56:42.467Z",
    "updated_at": "2021-12-16T14:48:50.951Z",
    "landscape": "d873aa45-8297-4b1e-a1a5-ba7160eb96eb",
    "group": "2b62a160-d903-41e7-a42c-2e8e2d6d1652",
    "is_default_landscape_group": false
  }
},
{
  "model": "core.landscapegroup",
  "pk": "d09bb967-08a4-47f8-b884-ffcb63a1b750",
  "fields": {
    "created_at": "2021-12-07T14:56:42.384Z",
    "updated_at": "2021-12-16T14:48:50.902Z",
    "landscape": "aba19109-a997-41e2-9290-0600080e7495",
    "group": "2ea02e57-8567-4aaa-8191-73a3d774bf39",
    "is_default_landscape_group": false
  }
},
{
  "model": "core.landscapegroup",
  "pk": "d16da4fa-cdb8-4722-a456-ae5a101170c0",
  "fields": {
    "created_at": "2021-12-07T14:56:42.376Z",
    "updated_at": "2021-12-16T14:48:50.893Z",
    "landscape": "aba19109-a997-41e2-9290-0600080e7495",
    "group": "a73ce8e2-9352-4a56-92e2-ad8d7800679b",
    "is_default_landscape_group": true
  }
},
{
  "model": "core.landscapegroup",
  "pk": "d63968ba-7528-4338-9887-169e0c62fc73",
  "fields": {
    "created_at": "2021-12-07T14:56:42.258Z",
    "updated_at": "2021-12-16T14:48:50.787Z",
    "landscape": "d57914ff-7ea7-49e0-b610-060b567aa7ce",
    "group": "e631d90c-cb98-40b6-880b-eb5a6b475088",
    "is_default_landscape_group": true
  }
},
{
  "model": "core.landscapegroup",
  "pk": "d924e389-9bd7-4d52-b3ce-6ca4f49e1d8f",
  "fields": {
    "created_at": "2021-12-07T14:56:42.336Z",
    "updated_at": "2021-12-16T14:48:50.841Z",
    "landscape": "5f3cdb6d-c8ef-4b1e-b3b0-e82d7fb3dce5",
    "group": "3b26226c-62bb-4ef6-a2fe-9e7b00db0c22",
    "is_default_landscape_group": true
  }
},
{
  "model": "core.landscapegroup",
  "pk": "df4e31a4-80d7-439a-8108-b80fcd7d0fa2",
  "fields": {
    "created_at": "2021-12-07T14:56:42.329Z",
    "updated_at": "2021-12-16T14:48:50.832Z",
    "landscape": "72b76a6a-6313-4cd3-92a3-d63cdf393d87",
    "group": "0a16e134-88fe-4f8b-bc66-f828bab17458",
    "is_default_landscape_group": false
  }
},
{
  "model": "core.landscapegroup",
  "pk": "e9b60045-b627-4c18-b3b1-e6b45043d7f3",
  "fields": {
    "created_at": "2021-12-07T14:56:42.505Z",
    "updated_at": "2021-12-16T14:48:50.987Z",
    "landscape": "f4e9bdd9-9a09-420e-a704-419f0488b7ee",
    "group": "103b5675-a386-4da4-bc2e-0aeadab3d9c4",
    "is_default_landscape_group": false
  }
},
{
  "model": "core.landscapegroup",
  "pk": "eaacbda1-c846-4d7e-bc36-61700388f077",
  "fields": {
    "created_at": "2021-12-07T14:56:42.322Z",
    "updated_at": "2021-12-16T14:48:50.827Z",
    "landscape": "72b76a6a-6313-4cd3-92a3-d63cdf393d87",
    "group": "f16c454f-fb8b-4e12-b8a3-90f5163aa047",
    "is_default_landscape_group": false
  }
},
{
  "model": "core.landscapegroup",
  "pk": "ec845b1e-65de-4557-b86e-4f8d258e6c68",
  "fields": {
    "created_at": "2021-12-07T14:56:42.475Z",
    "updated_at": "2021-12-16T14:48:50.957Z",
    "landscape": "d873aa45-8297-4b1e-a1a5-ba7160eb96eb",
    "group": "6f5b61a7-bb37-45c6-ad89-2df6b3760c60",
    "is_default_landscape_group": false
  }
},
{
  "model": "core.landscapegroup",
  "pk": "f079e48b-424a-43d3-9a8a-ec6378c1e03a",
  "fields": {
    "created_at": "2021-12-16T14:48:50.850Z",
    "updated_at": "2021-12-16T14:48:50.850Z",
    "landscape": "5f3cdb6d-c8ef-4b1e-b3b0-e82d7fb3dce5",
    "group": "06796048-b83e-4a46-b66e-be5bf8200527",
    "is_default_landscape_group": false
  }
},
{
  "model": "core.landscapegroup",
  "pk": "fae195bf-02b0-4608-bf67-2d5a0aeee8f5",
  "fields": {
    "created_at": "2021-12-07T14:56:42.210Z",
    "updated_at": "2021-12-16T14:48:50.742Z",
    "landscape": "d476e2ec-6203-44c2-bbe8-e9306c2ab6ca",
    "group": "f699e686-d025-4cc0-aead-2a084a91962e",
    "is_default_landscape_group": true
  }
}
]
